{
  "version": 1,
  "graph_id": "root",
  "lens": "atlas",
  "nodes": {
    "module.ui": [
      -0.8333333333333712,
      -345.0000000000001
    ],
    "module.runtime_bus": [
      479.1666666666665,
      -254.99999999999991
    ],
    "module.core_center": [
      978.3333333333329,
      -315.0
    ],
    "module.component_runtime": [
      -334.1666666666665,
      -231.66666666666666
    ],
    "module.content_system": [
      606.6666666666665,
      -62.5
    ],
    "module.ui_system": [
      368.3333333333335,
      108.33333333333343
    ],
    "module.kernel": [
      -150.0,
      100.83333333333326
    ]
  }
}