{
  "version": 1,
  "graph_id": "root",
  "lens": "atlas",
  "nodes": {
    "module.ui": [
      -0.8333333333333712,
      -346.0000000000001
    ],
    "module.runtime_bus": [
      75.96666666666658,
      -103.79999999999995
    ],
    "module.core_center": [
      639.333333333333,
      -439.0
    ],
    "module.component_runtime": [
      -334.1666666666665,
      -231.66666666666666
    ],
    "module.content_system": [
      526.0266666666666,
      -42.339999999999975
    ],
    "module.ui_system": [
      368.3333333333335,
      108.33333333333343
    ],
    "module.kernel": [
      392.8799999999999,
      -342.68666666666667
    ]
  }
}